[{"image": "50102.jpg", "annotations": [{"label": "2", "coordinates": {"x": 22.0, "y": 32.3, "width": 16.0, "height": 35.0}}, {"label": "9", "coordinates": {"x": 36.0, "y": 34.8, "width": 16.0, "height": 31.999999999999996}}, {"label": "a", "coordinates": {"x": 52.0, "y": 40.8, "width": 14.0, "height": 31.999999999999996}}, {"label": "A", "coordinates": {"x": 53.0, "y": 41.8, "width": 16.0, "height": 34.0}}, {"label": "2", "coordinates": {"x": 73.5, "y": 46.8, "width": 17.0, "height": 31.999999999999996}}, {"label": "3", "coordinates": {"x": 89.0, "y": 49.3, "width": 18.0, "height": 29.0}}, {"label": "1", "coordinates": {"x": 104.0, "y": 55.8, "width": 12.0, "height": 32.0}}, {"label": "3", "coordinates": {"x": 123.5, "y": 60.3, "width": 17.0, "height": 29.0}}, {"label": "6", "coordinates": {"x": 141.5, "y": 63.8, "width": 19.0, "height": 32.0}}]}]